group1,group2,mean1,sd1,n1,mean2,sd2,n2,t,p,cohens_d,alpha,power,mean_d_trials,prop_sig_expected_dir
lowIQ,highIQ,4.939598111612599,0.7848880804444001,120,5.915959955495436,2.5158980126881954,120,-4.058266206436137,8.130060060050073e-05,-0.523919914400117,0.05,0.9798,-0.5255668127364517,0.9798
